match,team1,direct_play,counterattack,T_maintenance,T_build_up,T_zona_media,flow_rate,crossing,pressure_point,pressure_loss,shots,liga
2499719,1609,1.046491996213282,0.1379671587556624,0.0080114580945109,1.641360172114294,0.4046292498534001,2.3651718758999496,0.4757393095090685,0.5535438340916512,-0.999812827016906,2.012366557586264,England
2499719,1631,-1.6151810636078114,-1.387848393169805,-1.442052913029062,0.599849349015801,-1.34479116259202,-0.5811499218773863,-0.9819604709287516,-1.274966511766377,-0.6175176803083413,-2.0563069528271645,England
2499720,1625,1.7151907876160248,0.1739653716365553,-1.1231815938926129,2.261789632432619,2.2087214645456106,2.0627095788921133,0.992866536319653,1.951835605815314,1.6004977831784202,0.787573788388354,England
2499720,1651,-1.917373083137009,-1.1236283929582436,-1.268778805971987,-0.9894253414825036,-1.7283015156223132,-1.2587723133448192,-1.4990876977393366,-1.6148971114295645,-0.9101112663050384,-0.831514183629255,England
2499721,1610,0.8787301617418348,0.0726184545764356,0.9606699587579838,0.500512149361839,0.1493940578091952,0.3522746186180136,0.4757393095090685,-0.459075996418971,-0.1773301178974771,0.3932785855686542,England
2499721,1646,-1.0609660916027135,-1.6484719535500905,-0.9809346972316172,-1.5519152827473424,-0.114314680860047,-1.169229086770299,-0.5808454313701984,-1.199632583485951,0.4296239757913143,-0.1150563424940563,England
2499722,1628,-0.7962203359870734,-1.2671848008491309,-0.5184849429910388,-1.3452521389637733,-0.789364710700746,-1.0072466477883846,-0.9819604709287516,-0.9740408129763796,0.4096649212721491,-2.0563069528271645,England
2499722,1673,-1.414929874298017,-1.156708332488258,-1.4125789467391718,0.4066365504788708,-0.8200353333825688,-1.099007964172542,0.4757393095090685,-0.7876157577783645,0.443065831199243,0.3932785855686542,England
2499723,1623,-0.241072118931569,-1.1840142928067787,0.8598368390271726,0.0162067504575484,-0.6459069770557601,0.1017529717461276,0.4757393095090685,-0.2911359068544251,-0.9302710718914616,-0.831514183629255,England
2499723,1639,-0.4535981057899216,0.2514013789811136,-1.0648174663982433,-0.2872202374453338,-0.7063592004527095,-0.8700017246877695,-0.2531105807098418,-1.065275894610358,-0.0644939470134107,-0.1150563424940563,England
2499724,1611,-0.1948965671638803,-0.3244676745688081,-0.3076283685608684,0.1242141166974075,0.2489962913224558,0.7754896978518641,-0.2531105807098418,0.3246045778979165,0.0338243082256469,1.6180713547665633,England
2499724,1633,-0.5307455957915337,-0.0576037152524844,-0.3294998140802102,-0.2785569800344044,-0.5121943372486512,-0.7558903788209409,-0.2531105807098418,-0.630059755277011,-0.8936287737134156,-0.1150563424940563,England
2499725,1613,-1.7742758683529367,-0.8958240507172762,-1.2383030810661355,-1.3834347935090638,-1.8018876965181168,-1.7706407832158688,-0.9819604709287516,-1.8330332927584805,-0.9598780464058164,-0.831514183629255,England
2499725,1624,1.326293093988772,-0.086317095268162,0.3335057880820405,2.5188158813198105,1.1579704012637009,1.8633071496672449,0.8364579297626372,1.2331016747609336,-0.8976970304132232,1.3821210562811492,England
2499726,1619,0.340229389385726,0.2053897747705401,-0.6996345685910457,2.16486491093249,-0.1419903161652791,2.8947819927485465,1.5099937631302376,1.3167670220795282,-0.2175278992598207,2.012366557586264,England
2499726,10531,-0.9378038899782432,-1.0464578749542386,0.0112360263550495,-1.091983600641716,-0.4723651302517043,-1.1856934877898009,0.0239852872761542,-0.8654962890753294,0.3222538148903532,-0.831514183629255,England
2499727,1612,-0.1279974689929289,-0.0694409637052687,0.1982232649312615,-1.0013744690461168,-0.0428325158863098,-0.837287976264175,-0.9819604709287516,-0.0149531834057813,-1.220030224639888,-0.1150563424940563,England
2499727,1644,-0.6490562565802193,-1.502059960421635,0.1659893196437954,-0.3372307748553311,-0.5269895468097695,-0.1780669860626261,0.0239852872761542,-0.9116212474537724,-0.0734020485028293,-2.0563069528271645,England
2499728,1627,-1.3690348599140416,-1.306313252359657,-1.6127291619174675,-0.1728681746727534,-0.8137588000846577,-0.7782565958657304,-0.9819604709287516,-0.9790098590771776,-0.3362177139020041,0.3932785855686542,England
2499728,1659,0.8481325074958195,-0.1971554496003058,-0.2124841342161889,2.042316746399416,0.6362720758406349,1.5879894473874117,0.992866536319653,1.8617087231837504,-0.3933260047564869,0.787573788388354,England
2499729,1644,0.1825726536639579,0.1501701162558814,-1.0138979445194218,2.231154276957102,-0.6002216676450369,0.3823077836647319,1.3939815758782064,0.8232065498059415,1.4635967153969227,1.3821210562811492,England
2499729,1659,-0.3759052997049198,-1.5651698410535728,0.155646102143958,-0.6889145732461723,-0.7710200312955036,-0.4568775271211379,0.0239852872761542,-0.6736731213557325,0.092165916973009,-2.0563069528271645,England
2499730,1627,-1.79365602025309,-1.155455996986949,-1.738294992571446,-0.7742374831766416,-1.1638238687857805,-1.5734671848013064,-0.2531105807098418,-1.6046673424985658,-0.9096312891331652,-0.831514183629255,England
2499730,1646,-0.2247523701525734,0.5508642064381817,-0.5172436943156629,-0.7386890661476923,0.5861188514144614,-0.0342600115696553,1.5099937631302376,-0.0659834637762037,-0.4280560519289181,-0.831514183629255,England
2499731,1613,-0.5000733906360613,-0.280699890915792,-0.5181432524756224,0.0524437698443996,0.000851128339407,-0.0745942817670846,-0.2531105807098418,0.0776222976161491,-1.376337996196308,-0.831514183629255,England
2499731,1673,-0.9291053475398274,-1.020940326501057,0.3367216223772523,-0.6237435814137824,-0.8898261165602288,-0.3101829892216421,0.0239852872761542,-0.1550539470055389,1.8534962032335425,-0.831514183629255,England
2499732,1631,-0.1467407176945129,0.529643718783933,0.7674887377788776,-0.6065928602987991,-0.1849824508985097,-0.9753179397038122,0.0239852872761542,-0.6767216109485752,0.0558403459718594,-0.1150563424940563,England
2499732,1651,0.479052624684907,0.7025950392288293,0.7404240946006307,-0.4156148186289664,0.1340951578296162,-0.213988154365158,0.6651316856592968,0.7951448758670394,-0.8635955156853306,-0.1150563424940563,England
2499733,1612,1.6262246558226496,1.7833618232283392,-1.035719578732625,1.8002828770980537,2.0788040883452807,2.110177556161734,0.6651316856592968,1.7380987784429751,-0.0284119503257922,0.787573788388354,England
2499733,1628,-1.8506094816417853,-2.0732541079738733,-1.117637727100913,-0.5195057344515494,-1.5832046641104167,-0.751493650676566,0.2640166461007427,-1.5511539675497468,-0.5608209209410416,-2.0563069528271645,England
2499734,1623,-1.1117634769842046,-0.254517896376047,0.130109501198928,0.1662680351814141,-0.5855431539377958,-0.395183085212169,-2.2279375879582464,-0.3709339200567502,-0.4851380983063375,0.787573788388354,England
2499734,1625,1.408417239242692,3.494408958944136,0.0556475019487935,0.9320988552272834,0.9734731243322046,1.4708927147166098,0.8364579297626372,0.5626871338951058,0.4898326617861903,2.180779879214417,England
2499735,1609,2.4728752193789445,2.8423026151397788,-0.4396102925235566,3.043983924178288,1.5619012343173253,2.1165926233342334,1.7217164265385625,2.244470008931047,-0.9907926424762532,0.787573788388354,England
2499735,1639,-2.079492241922102,-0.7192230563325694,-1.6768076657224045,-1.6749045118441686,-1.657682300259498,-1.5973676511776411,-0.9819604709287516,-2.255724700419829,-0.9528051370678404,-0.831514183629255,England
2499736,1611,0.4861744853894181,-0.7598832437971861,-0.8861440712575103,0.541557607509773,1.2225966721465535,1.5953412846334465,0.4757393095090685,1.138397798788365,1.491181556488015,-0.1150563424940563,England
2499736,10531,-0.9077378580389937,-0.7264078511012322,-0.0872618752619108,0.4985698913872823,-0.9495119505110357,-0.448075554892862,0.4757393095090685,-0.5044264890454502,0.2873663507518195,-0.1150563424940563,England
2499737,1610,-1.439658713191909,-1.4872796163959632,-0.3839398276512277,-0.9575208547373594,-1.174531977664871,-0.9405087473004644,-0.5808454313701984,-1.22435452179914,0.1871667448934709,0.3932785855686542,England
2499737,1624,0.9820730106147868,-0.2556598918898449,0.0172406249526798,0.7741333332041208,0.872820746021756,1.078518107142637,0.992866536319653,1.231888927688315,0.206827371014431,0.3932785855686542,England
2499739,1625,1.707839152442874,2.510507326636774,-0.055475014999606,2.051450312341733,1.312612151864325,2.239795721448554,1.998812294524559,2.742914328778018,0.2708000499313087,1.1097364267038532,England
2499739,1659,-1.1130884441719142,-0.7014398792938726,0.9273370834994096,-1.9246530209925363,-1.939457777526892,-1.985334655691247,-2.2279375879582464,-1.7213301657700388,-1.048536796083135,-2.0563069528271645,England
2499740,1610,0.8787936455556545,-0.5814128126899775,1.2848204106719154,0.560454531175517,0.4348703127647723,1.4750558601607608,0.0239852872761542,0.9951397817778408,1.2334920282484343,1.1097364267038532,England
2499740,1623,0.0157656395302121,-0.5303946157315717,0.6806630663184675,-0.5433102235262723,-0.2606319333997482,-1.0902059898160823,-0.9819604709287516,-0.0079230197619167,1.4396769477009743,-0.831514183629255,England
2499741,1628,0.1585245543863333,1.5208331921286269,0.2398607650537582,-0.4153694048045024,0.8486437151142096,0.3899153650252766,0.992866536319653,0.1625785406171078,-1.1445548102003118,0.787573788388354,England
2499741,10531,-0.2082000132288861,-1.076075134702212,0.2025683981375,-0.416705371846904,0.0677670506090394,-0.4087618478433225,-2.2279375879582464,-0.2764151414873306,0.1181490476502932,-0.1150563424940563,England
2499742,1619,0.9878688440633288,-0.778249871484179,0.4329672824586544,0.1958771953228176,0.7978474265236366,-0.0398143366915574,-0.2531105807098418,0.5167873618381439,-0.9245024901988574,1.1097364267038532,England
2499742,1673,-1.0695855342297107,-0.3417993187081241,-0.9744643456833658,-0.1700253769132382,-1.137452407326397,-0.0436700199336222,0.6651316856592968,-0.3816573301456373,1.2321406377107094,1.3821210562811492,England
2499743,1609,1.204695946155295,-0.1278001642643441,0.3640668353761178,1.0821878654190669,1.1331476480593898,0.4606796781286574,-0.5808454313701984,0.9029009850783946,0.4682271048287932,-0.1150563424940563,England
2499743,1612,-0.302485150137619,-1.0679610461448783,0.2678778418405112,-0.0836728616140071,-0.2838322321205138,0.0227993482074972,0.2640166461007427,0.1231640342377286,1.2644678718825046,1.1097364267038532,England
2499744,1611,1.073949054538846,1.424751403494783,-1.6419369918175435,2.6133292061670748,1.2472159824486408,2.6479302988343663,1.8189057715629675,1.5691697330197485,-0.4061534700523872,1.3821210562811492,England
2499744,1631,-1.3100008120253348,-1.3731593992288782,-1.2152818567984145,0.5368135452859294,-1.206456135713515,-0.4454158101410432,-0.5808454313701984,-1.034941493972524,-0.6916171809762426,0.3932785855686542,England
2499745,1613,-1.5415082030118152,1.1492344410047322,-1.6222376733728212,-0.9772879557057736,-1.425596897079832,-0.9879990466237412,-0.2531105807098418,-1.5995923195369088,-1.18824560540895,1.1097364267038532,England
2499745,1633,-0.2716142941078566,-0.9752453730472248,0.8306528552850357,-0.6569437172292568,0.9854051634332248,-0.3061340898984301,-0.2531105807098418,0.0896640163862088,-0.5148420884630119,-0.831514183629255,England
2499746,1624,1.3177939446997498,2.5826359321497634,0.8171129348407521,1.0073532195943629,1.1196028866340657,0.7741020660718511,0.8364579297626372,1.1089071830786434,-1.1028979137678516,1.3821210562811492,England
2499746,1646,-0.9184621118141092,-0.2013310403800526,-0.9185404402478212,0.0385217164346758,-1.051417320773288,-0.9518322825922412,0.2640166461007427,-0.3579988845529472,-0.1246161197294719,1.1097364267038532,England
2499747,1644,-0.8862983968876409,-0.146575361332949,-0.2171930389094657,-0.3772631080049679,-0.8637776795579952,-0.513946151073375,-0.9819604709287516,-0.6405278741403126,-0.6556230155301014,-0.1150563424940563,England
2499747,1651,0.510647579551948,0.2046714551741032,-0.2010615944348514,0.2786365610286092,0.0270243543259557,0.2490823236354122,0.8364579297626372,0.2347555091233097,-0.4132330583949781,0.3932785855686542,England
2499748,1627,-0.2863268982680046,0.5347180906887291,-0.451369071784073,-0.0645311054251466,-0.7578295134267218,-0.5442507174713472,0.8364579297626372,-0.9915558387617576,-0.5498272090307817,0.787573788388354,England
2499748,1639,0.1355446005837034,0.4609601362769075,-0.4642599360589799,0.804923927311487,-0.1226525442369181,0.4446182307117264,0.4757393095090685,-0.3579221000495359,-0.1286165873875545,1.1097364267038532,England
2500036,1619,0.484090869997815,1.7609860863500255,-0.9522399985603156,0.5411455607222021,1.07899254453542,0.7939790034102113,1.3939815758782064,0.2278748169568039,-1.1546773832891215,1.3821210562811492,England
2500036,1633,-1.1400749184321384,-1.3379171997145514,-1.5500656015590346,-0.4590150626230438,-0.7624300203079044,-0.7456844933646685,-0.2531105807098418,-0.904498740829225,0.6571990644867867,-0.1150563424940563,England
2500686,3772,0.1179537677691197,-0.6387561467490689,1.4853752758397911,-0.2068234870600487,-0.8251820828674067,-0.4986588497607484,0.0239852872761542,0.0940536073559913,0.5091928188871692,-2.0563069528271645,France
2500686,3799,-0.0705636734822047,1.2576281755959748,1.2884606692803746,0.0714403440360272,-1.029608913287698,-0.9205763874504244,0.2640166461007427,0.0642167317543798,-0.8331237670736645,0.3932785855686542,France
2500687,3770,-0.7297235433473463,-0.5054070346611628,-1.1877714053172417,-0.7082878379555521,-0.4034031524339794,-0.7847552464342403,-0.2531105807098418,-1.0408676584404437,-1.0485821146147096,-0.1150563424940563,France
2500687,3776,0.3868681781163791,0.228679226014478,1.5240983415605822,-0.8338202255206734,-0.3803664741166638,-1.0222428663506873,0.992866536319653,0.4241590585102455,0.1409854465945583,-0.1150563424940563,France
2500688,3766,0.7661095314211873,0.0581388347868486,0.8528511401270356,0.2554370181900837,-0.0554431793738261,0.112442676552579,0.0239852872761542,0.1791649772494578,-0.2963329450181088,-0.831514183629255,France
2500688,3779,-0.9411514703990268,-0.0852939106356604,-0.1014304037830542,-1.7078800071209947,0.2382403635792636,-1.7769380337675844,0.2640166461007427,-0.4111546731264232,-0.7135277804935557,0.3932785855686542,France
2500689,3771,0.5514755084225359,0.8443577408596155,1.2280716100213542,-0.1347073886060384,-0.5399895629406436,-0.3879564864773804,1.1367485067631329,-0.4542340439520544,-1.3315087035366693,1.1097364267038532,France
2500689,3804,-0.5977281905522482,-0.8406370121511164,-1.1100070656401997,0.2900221349856101,0.2090559092779302,0.1554151888287969,0.2640166461007427,-0.7611272698624652,0.1475659432269079,0.787573788388354,France
2500690,3777,1.6129819008907462,-0.8545112304337319,1.5078747716500436,0.4361760400736595,1.4710397266590236,0.6407185622515956,0.8364579297626372,0.869411673563372,0.1518207820363247,-0.831514183629255,France
2500690,3785,-0.073157177083639,-0.3792799229604764,-0.5549025663625942,-0.7248650773946176,0.2318990495681889,-1.0445675652176285,0.6651316856592968,-0.0816302688216218,1.8109602357946224,0.3932785855686542,France
2500691,3780,-2.178821118491119,-1.5597754752933235,-1.7468468740980434,-1.1877016472449171,-1.6613690612299736,-1.257619576317665,-2.2279375879582464,-2.133669800314383,-0.957953075122282,-0.831514183629255,France
2500691,19830,0.1618038218229927,1.4736490604462325,-1.426453359429294,0.5734573276000584,0.520093178483303,1.024783671302523,0.8364579297626372,0.4061362129753036,0.2308902702319708,0.787573788388354,France
2500692,3783,-0.8910134221523276,-0.9772689348581376,0.8494633850906742,-0.8349720163313964,-0.3592069021834615,-0.7569425023777296,-0.2531105807098418,-0.3216109528434669,-0.7075915330561497,-0.1150563424940563,France
2500692,3787,0.0025225324901723,-0.5628639571372454,-0.1793656497527385,0.0218072558753852,-0.7223061040480377,-0.0532006779512485,-0.9819604709287516,-0.905135873133089,-0.9867192868251936,-2.0563069528271645,France
2500693,3767,1.674990754803685,1.881538539189196,2.0413148878194907,0.0099339044504384,1.879264613408476,1.315040855697695,0.4757393095090685,1.4597411061955203,-0.3811340787062112,0.3932785855686542,France
2500693,3789,-0.6220281719768583,0.3347667902178035,0.6456830237504401,-0.5547707370387266,-1.0587840382402185,-0.8698887003637794,-0.5808454313701984,-1.06505140846538,-1.1329761598313324,-2.0563069528271645,France
2500694,3775,1.2584812032320476,0.554476298914796,0.9175899940626504,1.4469543239470148,1.3190568768208075,0.9237797544811416,0.6651316856592968,1.276557757384909,0.8979230035382643,-0.1150563424940563,France
2500694,3782,0.0621964584496267,0.2360156789878449,1.0270962201548914,-0.9838039489253316,0.0222371704627748,-1.1795261003600606,-0.2531105807098418,0.0787593275083727,0.1990943584869342,-0.1150563424940563,France
2500695,3774,0.8598317052862513,-0.0866856937073977,-0.4293610074457966,1.282519248469709,0.6256277112029281,1.6198265215718677,0.6651316856592968,0.7197786336104158,0.5338794664849289,0.787573788388354,France
2500695,3795,-1.5422640699843209,-0.8757064425049073,-0.8844965665808646,-1.3525827347254766,-1.6850196959481694,-0.9184085754663308,-0.9819604709287516,-1.5269395480682966,-1.3806398328717813,-0.1150563424940563,France
2500696,3789,0.4764906819086282,0.2185000287242667,0.7658457379270327,0.1865686097936184,0.3570354613578388,0.6260140992221103,0.4757393095090685,0.5720726982977326,1.1935138376311718,0.3932785855686542,France
2500696,3799,-1.052896567813003,-0.8755582857788632,-0.5142156997250734,0.4674594488683182,-1.1432315606185215,-0.0497803305638257,0.0239852872761542,-0.5534104557942633,0.8681329599171997,-0.1150563424940563,France
2500697,3772,0.9381539851169804,1.8522237768465608,0.4237785404009309,-0.1120312555101241,0.4565226645803139,0.4457563439194527,0.4757393095090685,0.3670556013612606,-0.667306147650427,0.787573788388354,France
2500697,3777,0.5457605991873871,-0.1189749767918215,-0.1944035618085932,0.8302002610214084,0.7568598006215426,0.1801832725462441,-0.2531105807098418,0.4080998846166905,0.7358938194635785,0.787573788388354,France
2500698,3782,-0.6473554898905115,-0.1769090070309787,-0.9501977529456024,-1.0258484967853387,-0.2973101416675308,-0.3426499460442943,-0.5808454313701984,-0.7558112310601556,0.7705294730880472,-0.831514183629255,France
2500698,3783,-0.3782217749393233,-0.4791083821710563,-0.1719932287238885,0.0532665403802226,-0.2957380062464299,-0.5685978685476799,1.5099937631302376,-0.6715182895744023,-0.2024389455878971,0.787573788388354,France
2500699,3804,0.2901451290455402,0.5192343888174421,0.5319286649051139,0.1571559033371373,0.0579075196473079,-0.9013977228756018,0.0239852872761542,0.0676738452738614,-0.1413987851146336,0.3932785855686542,France
2500699,19830,-0.2081711087550917,0.0400759545508394,-0.5987791982602166,-1.1577233172451895,0.5244479746237902,-0.9665436842759546,0.0239852872761542,0.2832018247330629,2.2707466561250893,-2.0563069528271645,France
2500700,3767,2.416124479392234,2.134355404299096,0.0431147216958371,1.433538086387558,2.87941676030335,2.5939798659698177,0.6651316856592968,2.293878663725277,1.1719917687474424,1.1097364267038532,France
2500700,3785,-0.9724828669787128,-1.1616499627160437,0.5158310599404735,-1.2069402675942047,-1.8010646088209186,-1.3153292928264846,-1.4990876977393366,-1.0943761625604924,-1.3091730725688422,-2.0563069528271645,France
2500701,3770,-0.7338080725497527,0.6791573340087786,-0.7875455655886862,-0.1455779122146552,-1.138130688872689,-0.5317711781842411,0.992866536319653,-1.0765804633080225,-1.1600603381675658,1.6180713547665633,France
2500701,3771,0.018196693864402,-0.187930621678261,-0.1198516636381684,-0.8287014265297269,0.4317282484889532,-1.0659945931170314,0.8364579297626372,0.3088447879533303,1.941481859069223,0.787573788388354,France
2500702,3775,2.056437017566879,1.5498155499263788,-1.1012525457720157,1.4010802370011088,3.186771493836972,2.3904883723459407,0.6651316856592968,1.448488602826261,-0.0890710817733091,0.787573788388354,France
2500702,3795,-0.4382268868450888,-0.4706153934001176,-0.1005357735936253,-0.0379024343289645,-0.8696410240437228,-0.4833094938837848,0.6651316856592968,-0.3485373255394888,-0.1139672066613596,0.3932785855686542,France
2500703,3766,-0.6408246187972486,-0.7854255044908287,0.7900860723915577,-1.053750676434693,-0.78041567783062,-0.9887554104921376,-0.9819604709287516,-0.1200038784670865,1.1076900212151088,-2.0563069528271645,France
2500703,3774,0.511901473156574,0.587582131509848,-0.1870593269760983,0.5004412733857355,0.3796855757825521,-0.1770706202904318,0.2640166461007427,0.1952418195331799,0.2775435249728795,0.3932785855686542,France
2500704,3776,-0.592314356743361,-0.236074698253048,-0.7574477570811264,-0.4969093886700969,-0.0872037395340494,-0.1168931849399126,0.2640166461007427,-0.3472648988987883,0.3464825273937122,0.787573788388354,France
2500704,3779,-1.1449816609102532,-1.410622493276456,-0.3595607244103556,-0.2564878776398195,-0.9698551353500358,-0.7966179815002431,0.0239852872761542,-1.270660466281875,-0.3744346002878527,-0.1150563424940563,France
2500705,3780,-0.433729823131982,-0.3893664074781119,-0.2498749711915009,0.0319220707784226,-1.0763333232954202,-0.5285534273351011,-0.2531105807098418,-1.0238583122205684,-1.273941395363653,-0.1150563424940563,France
2500705,3787,-0.8471424250072025,-0.0985866149379189,-0.9475219730306352,-1.0611741878980885,-0.4437532507789137,-0.2002940970450059,-0.2531105807098418,-0.6849977616740301,0.4336336763906643,-0.1150563424940563,France
2500706,3776,0.2275247312462387,0.4103752383038018,0.5545325881699272,-0.1464114803742978,0.2833584165920963,0.2759395250908543,-0.2531105807098418,0.568709766357207,0.4172841140286849,0.787573788388354,France
2500706,3783,-1.5047898979746226,-0.7459479352828945,-1.4176754449125282,-0.9541418589192894,-0.6427627340675154,-0.952915497906184,-0.9819604709287516,-1.200355454878655,-0.8278322737721836,0.3932785855686542,France
2500707,3766,-0.6764686309541853,-0.7439706418358809,0.4184699467324931,-1.3255813351964176,-1.3032688569812734,-1.3566165712307925,-3.473914704987741,-1.346057769340442,-0.8480304561253293,-2.0563069528271645,France
2500707,3772,1.3278185356839278,0.6127512610181712,-0.2549677742932427,2.049857002870488,1.1039723608662426,1.5592557225206207,1.3939815758782064,2.0498996916452006,-0.0664565837286612,1.6180713547665633,France
2500708,3771,0.358781956903411,0.6156931846493321,-0.486755446097469,-0.3247427339828809,1.4929328576159973,0.609811136010423,1.1367485067631329,0.857696826215307,-0.4860451718085339,-2.0563069528271645,France
2500708,3799,-0.5309711625045044,-0.2782875426508313,-0.572285935766438,-0.6786396093041672,-0.4993883688323184,-0.3068518563891078,0.0239852872761542,-0.2960181605982406,-0.2142121400153783,0.3932785855686542,France
2500709,3777,-0.1032024484164042,0.0456984845485649,0.9148839156683192,-0.5297963316015665,-0.6179432414678918,-1.0157920768317874,0.0239852872761542,-0.7926482380863941,-0.9871362079772024,-0.1150563424940563,France
2500709,19830,1.30411152943442,1.3292479833772044,-0.9710596736022228,1.242099057927504,1.366373606026292,1.9972034802098195,1.2699624043056494,1.4726578809602384,1.9218883767083697,-0.831514183629255,France
2500710,3779,0.1849803593013168,-1.3033605519072489,0.6336880890521315,-0.752988718438501,0.1756551072285948,-0.1066591025125785,-0.9819604709287516,-0.1887468699489929,0.0215948708752884,0.787573788388354,France
2500710,3787,0.1437352314631473,1.8846688394944195,-0.061781617938352,-0.7095189751894054,0.4640519967044884,-0.5288315606932628,0.992866536319653,0.1395238292752837,-0.929205012497337,1.6180713547665633,France
2500711,3775,0.6882623507381925,1.4196851698503283,0.8710850827989474,-0.8727578167768985,0.8468897218076287,-0.0798272604999307,-2.2279375879582464,0.0301005927085001,-0.6065372867418655,0.787573788388354,France
2500711,3785,0.0394696932681425,0.3505027763681626,-0.9200257236442692,0.7278733222505753,1.1180426158128765,0.3265704357341384,0.6651316856592968,0.1574553967192385,0.4661277892510442,1.1097364267038532,France
2500712,3767,1.6096117078261585,1.6840160097632897,0.3237016475046727,2.0976532167071755,1.2119428271470734,2.7305236085440283,2.082435046792132,2.134163278500592,0.2111934103215135,2.180779879214417,France
2500712,3780,-1.4545058719467716,-1.210378925277979,-1.5158828211593824,-0.8259766202058902,-1.2218326897074885,-1.2696872387226348,-0.5808454313701984,-1.5451288527580334,-0.5933498948097404,0.3932785855686542,France
2500713,3774,-1.0982169227667091,-0.7778405756507155,-0.8218593337899361,-0.0861616573643325,-1.1938778392798288,-0.6238518901727248,-0.9819604709287516,-1.123483465419537,0.0261168108804003,0.787573788388354,France
2500713,3804,0.7298863368066583,-0.7649998929306527,1.2822103636607385,0.2335202489511196,0.0361152913780591,1.2094912236733706,0.6651316856592968,0.8304212271124927,-0.2584305593865777,-0.831514183629255,France
2500714,3782,0.3828276275962842,0.801108743839067,0.4224378829186621,-0.4423747309223224,-0.4492333479472795,-0.5245166288428915,-0.5808454313701984,0.4782436189433332,0.319364707773987,0.787573788388354,France
2500714,3789,0.1063696370074655,-0.7425623016950058,-0.5858827668430076,1.5971834546745358,0.4490332559815925,1.073058465096573,0.8364579297626372,0.7196142873037797,-1.422235842374946,1.8261942678390524,France
2500715,3770,-0.8766311151074232,0.1270167359630929,-1.0061521395534894,-0.0255628439118441,-1.2318959789453965,-0.52458212274317,0.4757393095090685,-0.4759090890428461,-0.2589637961437775,-0.1150563424940563,France
2500715,3795,1.4431736161751183,0.9594416033364702,0.4939223665389086,0.2546824282745784,1.6657114194331542,1.0416810241832566,1.9111088026887908,0.8012136785261764,-0.9697842760875388,0.3932785855686542,France
2516739,2444,0.9544925186127976,1.2820924593392309,1.7856910067589875,-0.2063838146647537,-0.0616154949898574,-0.6659337941845734,0.2640166461007427,0.6911052097424712,0.5057109846586434,1.3821210562811492,Germany
2516739,2446,0.6455067943795054,0.9014402313207702,-0.0680733820822611,1.0260099120366262,1.1066600389880117,0.7349543319889958,0.992866536319653,1.405864223776597,2.221280933466061,1.6180713547665633,Germany
2516740,2443,-0.5689453916290979,-0.089175889224164,0.090793211200533,-0.0925329977043232,-0.5425651044706234,-0.2224576894887,-2.2279375879582464,-1.1616376743848178,-1.3709705652154165,0.787573788388354,Germany
2516740,2482,0.765681976555885,0.1338850072258159,-0.0784812149702532,0.0640063974199519,1.634458447161394,1.1380835893800791,-0.2531105807098418,1.1637451451996017,1.7401542249397783,1.1097364267038532,Germany
2516741,2445,-0.3101055374963185,-0.6434001249996472,-0.5370040667233816,-0.2433903286343995,0.1209849910776984,-0.0587671294571529,0.0239852872761542,-0.0064262418053171,0.720262120492404,0.3932785855686542,Germany
2516741,2457,0.1776011958818288,0.3168318771608387,1.355179900452708,-1.5188943192068574,0.3652381740674062,-0.2552284386936322,-0.5808454313701984,0.0727210073579769,-0.9318379527248708,-0.831514183629255,Germany
2516742,2453,0.0226487908797806,0.4193973813324238,0.838498057912733,-1.1179147984752282,-0.0139945260289663,-0.5420059148137278,-0.9819604709287516,0.0546579972582904,-0.8953646693329887,-0.831514183629255,Germany
2516742,2462,0.2773582888044202,0.4433579666756052,-0.5933807132125505,0.5903974084127622,-0.2859838616464643,0.0804240189724907,1.1367485067631329,0.1506383409854154,-1.093961289516132,0.787573788388354,Germany
2516743,2454,0.5071489057813758,0.2524725818424218,-0.3350087541578809,0.0138095054732405,0.8694226944822747,0.0693131853175957,0.8364579297626372,0.6773697323513946,0.2005271324871143,1.1097364267038532,Germany
2516743,2463,0.7358438786363068,0.141186678384289,-0.923468038641036,1.3343179493596276,0.6998567255153811,0.5877673084175902,1.1367485067631329,0.908073106974338,-0.0191024520638074,0.3932785855686542,Germany
2516744,2449,-0.8098650709953868,0.4610797119069121,0.1092928174439173,-1.6690672376324729,-0.8802297539644597,-1.7061811680848802,-0.9819604709287516,-0.6522080215215947,-0.0102257359301332,-0.1150563424940563,Germany
2516744,2975,1.2819532504898976,0.4671217252764568,0.5684107576916568,0.7315731292480104,0.4652573625332535,1.4675329784760704,-0.5808454313701984,2.23486659210906,1.6067840940868623,-0.1150563424940563,Germany
2516745,2450,-1.6521284266721616,-0.6735483630975576,-1.671350987830164,-1.503655157879518,-1.1065501519523029,-1.4165876217881783,-1.4990876977393366,-1.436199845957831,-0.1894230130627594,0.3932785855686542,Germany
2516745,2481,0.754584726942901,0.774236401934112,0.6546118422536634,0.8658024720822415,0.407834146090702,0.4824513015499587,1.9111088026887908,0.7880547223621548,-0.7872225835634885,1.1097364267038532,Germany
2516746,2455,-1.1134442659952726,-1.295504535501977,1.071392423707508,-1.1971002079559052,-0.7261684386388328,-0.2873336585524899,-0.9819604709287516,-1.0142749935472295,-1.3705635702210055,-0.1150563424940563,Germany
2516746,2460,0.0118604532921005,-0.2119370615508256,0.8161917991211204,-1.846322799586965,0.5289609161961087,-1.5431700931059298,-1.4990876977393366,0.0624202867265957,-0.73785398565281,-2.0563069528271645,Germany
2516747,2447,0.6246533316537464,0.4759213720437588,-0.2179116255510917,0.9577127694919004,0.9648461204864124,1.2291996117618644,0.0239852872761542,1.5150308251340974,1.1862952108520854,1.6180713547665633,Germany
2516747,2451,-1.8644862614373696,-0.9986391428672342,-0.6981916960606426,-0.4563537962804623,-1.9070809805326407,-1.1039645222201897,-0.9819604709287516,-1.464392971308504,-0.258948379858164,0.3932785855686542,Germany
2516748,2447,1.665146531320039,1.4971734132078935,-1.0223078437992843,0.1899863919253114,2.2442768302084617,1.104104125794347,0.4757393095090685,0.9781262000268232,1.3646865965221096,0.3932785855686542,Germany
2516748,2457,-1.0359146433309183,-0.4171443221472655,-0.622397519885073,0.0857393034612664,-0.6931146558990556,0.2609160295875246,0.2640166461007427,-0.4716509141517652,0.3764024147246468,0.3932785855686542,Germany
2516749,2453,-1.179486278274117,-1.541245142869892,-1.103681422828892,-0.4935369624520351,-0.490419342777508,-0.3722981799027294,0.2640166461007427,-0.4212815409893267,3.1596306314999185,1.1097364267038532,Germany
2516749,2975,0.7473305297950461,-0.4478218560805332,1.7974685809372108,0.8996161546297666,0.0409194055266104,0.060234491172016,0.0239852872761542,1.8106804719786629,0.5658953167823991,1.3821210562811492,Germany
2516750,2450,-2.2011522520997264,-1.4318725036547888,-2.089701840265056,-0.6889636262841867,-1.3863657970142618,-0.7178467081236959,-0.9819604709287516,-1.8543777264106764,-0.5704369089691825,1.1097364267038532,Germany
2516750,2463,0.7523764486828548,1.494655811833601,-0.3868266744009235,0.3870081808615008,1.11330280002489,0.7453126089904982,1.618970461918544,0.3076193994957859,-0.8617833869531188,0.787573788388354,Germany
2516751,2443,-1.3031322964836822,-0.6220482740632424,-0.7850406003031865,-1.1701106616865276,-1.162849153085997,-1.38866340723967,-0.9819604709287516,-1.5018753471185122,-1.327410848824005,-0.831514183629255,Germany
2516751,2444,2.819603198003913,2.2366605306436376,-0.082460834994681,4.440057438739948,1.6095514366878343,2.170540907795667,1.5099937631302376,2.743402393528473,-0.6399375678334559,2.180779879214417,Germany
2516752,2451,0.9241065036904716,-0.0049332066303178,0.5505198619046479,-0.0282173627343648,0.9616189857936808,-0.1313869609830089,-0.5808454313701984,0.9818916283007152,0.3698070037209437,-0.1150563424940563,Germany
2516752,2462,-0.2386450099140425,1.76515873177312,-0.8486334488142931,-1.185554799113981,0.6785468097527461,-0.2357137800317339,1.1367485067631329,0.0983064051358167,-0.5136783967901964,-0.831514183629255,Germany
2516753,2446,0.1709066493207401,-0.5816101751931071,1.3079406364966435,0.0576856202422758,-0.76606987001642,0.1524228619814188,0.4757393095090685,0.2834184148004993,1.0655913076883607,0.3932785855686542,Germany
2516753,2482,-0.4101635690721192,-0.5099218304510754,0.6114661906779847,-1.1462585906488738,-0.5741931132991148,-0.8753545858736661,0.0239852872761542,-0.1780731764486584,0.6427251470040535,-0.831514183629255,Germany
2516754,2454,-0.3053600155010962,0.3643879205141148,-0.5894654675493785,-1.0874475949347102,0.2775335131002618,-0.6911488252378605,-0.9819604709287516,0.0125121165177832,1.1222825895160111,-0.1150563424940563,Germany
2516754,2481,-0.0578923273538454,0.7008018775779676,1.0199704278859718,0.6235910004244819,-0.3709777013423326,1.3281516991883864,1.7217164265385625,-0.0164154058612116,-0.9137103425177564,1.1097364267038532,Germany
2516755,2449,1.4044283725323723,1.6489903033953155,1.214726520854887,-0.3876198381241106,0.3652532982183047,0.3130782201364613,0.6651316856592968,1.2756328557711647,-0.1515557034412335,-0.1150563424940563,Germany
2516755,2455,-0.419417808513631,-0.6896653976191927,1.1016760451779744,-0.93464842066618,-0.618916739214624,-0.2294606737000449,-0.5808454313701984,-0.1356663329453091,0.0444867424979134,0.3932785855686542,Germany
2516756,2445,0.5959086367223264,0.8741610726084619,0.425196916876335,0.7897181557072726,0.2437529770908882,0.5598433160222478,0.4757393095090685,-0.3568790008210571,0.0694945824594959,1.3821210562811492,Germany
2516756,2460,-0.5938791135298079,-1.1555936317198552,-0.5439454959392607,-0.1841374404556248,-0.6261447910600795,-0.7163217036260655,-0.2531105807098418,0.5901241260189283,3.0164486098184744,1.1097364267038532,Germany
2516757,2444,2.1804483664468077,2.482526556805796,-0.5504248380923163,2.681641992122599,1.6453401699966053,1.871722632236932,1.9111088026887908,2.403994140204791,0.9546130489529292,1.3821210562811492,Germany
2516757,2482,-1.4558624622717844,-0.3333263725987625,0.2191684916375019,-1.3343520272465872,-1.2351844714085536,-1.2203845328149796,-3.473914704987741,-1.14410672296702,-1.3975055503383784,0.3932785855686542,Germany
2516758,2443,-0.1516012062538327,-0.7380915839804248,-1.3920333752370857,-0.1881746873004819,0.2597545767083418,0.2579538003497032,0.6651316856592968,-0.0182188727916153,2.3588756770513144,0.3932785855686542,Germany
2516758,2457,0.2280869697407032,0.3373171823130229,0.0465559413569748,1.2512700198436135,0.7719431956645795,1.6861204539148784,0.2640166461007427,0.2044322656222859,-0.5234096529207989,-2.0563069528271645,Germany
2516759,2447,1.7589816171560086,0.6125077385606953,-1.697065506095279,3.7553227964030977,1.676114748027372,2.769546320885617,2.450566316757473,2.087550516445725,1.2423544725610507,2.3345291959017627,Germany
2516759,2453,-2.1038530005718536,-1.1020961761779886,-1.1451146065341775,-1.5508995291497454,-1.7904165635529918,-1.473340122350552,-1.4990876977393366,-1.9731863990314469,-1.362367767559283,0.3932785855686542,Germany
2516760,2454,2.376584122259366,0.9024649622980112,1.0822185018900614,2.7054540658282145,0.723523978277447,1.0953207665181135,1.1367485067631329,1.9118794993081307,-0.6850317053347801,1.6180713547665633,Germany
2516760,2462,-1.4407017027966176,-1.2056543372367527,-1.8713556182700544,-0.6409981908380185,-1.3457141054505766,-0.0595309591464084,0.8364579297626372,-1.33865836802114,1.6933014180555406,-0.1150563424940563,Germany
2516761,2445,1.5046062136334224,-0.1167431549515055,1.9734295098943384,0.1307580158960203,1.0398146055551192,0.3914388391109417,0.6651316856592968,1.645143744318424,-0.0367394792357631,1.1097364267038532,Germany
2516761,2449,-0.6043912368387062,-1.0370859062451685,1.6710550841114828,-1.0720883715234997,-1.016027911368985,-1.0501838827515833,-0.5808454313701984,-0.3439300235658546,-0.5329567877452945,-0.1150563424940563,Germany
2516762,2463,0.926885907096711,2.144752757216813,-1.448820175272243,0.9987460561994008,1.6352410574684455,1.9273316260856463,0.992866536319653,1.3607393544177984,0.1636519770892459,1.3821210562811492,Germany
2516762,2481,-1.1078877534410607,0.9816542102582462,-0.5325506730288553,-1.4704308852807482,-1.2156429316360318,-1.1555600474472043,0.2640166461007427,-1.4966138433829603,-1.14328397309395,-2.0563069528271645,Germany
2516763,2450,-2.043741269193141,-0.73221327153494,-1.4993773011366385,-0.3561315936797853,-1.7261223315926375,-0.9790859114669868,-0.2531105807098418,-1.62002969373106,-0.9048950719006172,-0.1150563424940563,Germany
2516763,2975,0.7682320941311371,0.7695501918392536,-1.2044140867121051,0.8939181496442472,1.0323431436905537,1.283350688187304,0.6651316856592968,1.175837075215202,0.5010502404809832,0.787573788388354,Germany
2516764,2446,0.5054017573332146,0.0383311491618273,1.7650457695104254,-0.0142166603392805,0.1346577561662283,0.1445793823497518,0.4757393095090685,1.1458926221693988,1.6994982048303318,-0.1150563424940563,Germany
2516764,2460,-1.0368573432940809,-1.0606779787114688,-0.0515753629912735,-0.484019241247373,-1.3356918032540437,-1.006829774002275,-0.2531105807098418,-0.65043912514214,0.7002115058090704,0.3932785855686542,Germany
2516765,2451,-0.6044189216497652,-0.6226824870843687,-0.1513874782875092,-0.6944767717420545,-0.593653161682738,-0.4610036944009066,0.2640166461007427,-0.422167128360864,0.0265609845716495,0.3932785855686542,Germany
2516765,2455,0.8668295748293566,0.9454222166304972,0.2956763235830196,0.0043578561465454,0.4677110891587789,0.1471859639469204,0.6651316856592968,0.3373247987807578,-0.9788469934146712,0.3932785855686542,Germany
2565548,682,-0.1145152274826531,-0.5201938181718346,-0.7011883846025111,-1.0833010426569236,0.7882002419330955,-1.1985155357836057,-0.5808454313701984,-0.7545883244329203,0.2864282703938297,-0.1150563424940563,Spain
2565548,695,-0.8126763514019347,0.0109938739559752,-1.462845736774595,0.0431006434862248,-0.4923096570527246,-0.0002401275868936,0.992866536319653,-0.2333699689870361,0.9239698062622186,0.3932785855686542,Spain
2565549,687,-0.4843529228326065,-0.8461273811554376,0.5264876564878189,-0.7125083935355931,-0.6622768134389001,-0.8620554274904073,0.4757393095090685,-0.4459768708162947,1.2016115506259473,-2.0563069528271645,Spain
2565549,692,0.98508922881219,0.5994881027169555,0.8404262635766215,-0.1323266665601564,0.885796884269712,0.194444965488323,-0.9819604709287516,-0.2693631489246533,-0.0107753376076141,-2.0563069528271645,Spain
2565550,678,0.6657002136052651,2.098538489333566,-0.878521835926574,-1.0380810409707877,2.8770531952322984,0.2891977964387108,1.1367485067631329,1.0598759513806502,-0.1824875337384408,0.3932785855686542,Spain
2565550,698,-0.8554710135212933,-1.1563420041613703,-1.1306742494731727,-0.3027802816931389,-0.6579007220755446,-0.772470435717183,-0.2531105807098418,-0.305349521117275,-0.7471345835624164,0.787573788388354,Spain
2565551,679,0.2038169266176186,0.9692901503856616,0.1040977154327691,0.0415072465862645,0.517869646479285,0.0507954920662614,-0.2531105807098418,0.1991789405861715,-0.8113647050843286,-2.0563069528271645,Spain
2565551,756,0.2474306968477063,-0.1896800869084441,-0.5436179007725219,-0.6166369374380409,0.5309790197187035,-0.5230647912601927,0.8364579297626372,-0.2854172395986316,1.320790719901196,-0.1150563424940563,Spain
2565552,680,1.0706202745578024,0.0116794532939177,1.681025897831346,0.2271073297959565,0.5651482498578897,-0.1304720269744377,0.2640166461007427,1.265480881779012,-0.143854495596236,-2.0563069528271645,Spain
2565552,691,-0.3979519210898469,-0.699792284764176,-0.8735217977949392,0.2840307002732001,-0.110729685231649,0.4218387298030169,0.0239852872761542,-0.3997774787041167,0.1691006245363609,0.3932785855686542,Spain
2565553,683,0.1024963582887296,0.0768634391391216,0.431312668536581,-1.204495232751062,0.4390027888443214,-0.7134173281097128,0.0239852872761542,0.2241101434250119,-1.2314244896297817,-0.1150563424940563,Spain
2565553,701,-0.5092135765424648,-0.9230860130393092,-1.4247183413784164,0.0095454553514066,-0.700607832702409,-0.5183715242622183,0.2640166461007427,-0.6338519763395176,0.3902784982098192,-0.831514183629255,Spain
2565554,676,0.940197539935948,0.352461910629638,-0.3585641137235585,0.8692954457707663,1.7659174636027617,2.5318814063939863,-0.9819604709287516,1.6113767405867403,2.038325409272884,0.3932785855686542,Spain
2565554,684,0.2214781631549248,-1.3405784401423884,1.6295598914787564,-0.954067511457855,-0.580072631386321,-1.1886254963173115,-2.2279375879582464,-0.3051991215110418,-0.5969143415669926,-2.0563069528271645,Spain
2565555,675,1.2299335804360192,1.798480241027436,0.4153846100362864,0.2682195908861983,1.0234398896512529,0.9097350151241896,0.6651316856592968,0.6443640943930723,-0.1038773734895652,-0.1150563424940563,Spain
2565555,677,-0.7038030384194114,1.2553689277961386,-0.7246039477378478,-0.4275474185447059,-0.1962942905511174,-0.6369915528593031,-0.5808454313701984,-0.6395991043103214,-0.4944543753119683,0.3932785855686542,Spain
2565556,674,0.2976578329531983,2.1283116007717293,-0.2740782627011798,-0.7770386604109076,0.6265013876747482,-0.3099983834509811,0.0239852872761542,-0.1751298710102551,-1.3231223355999926,0.3932785855686542,Spain
2565556,714,0.352456244910745,0.8518833852322224,1.4965380508864727,-0.2874728776375159,-0.0974742507429602,-0.4148012325426446,-0.9819604709287516,1.0248188343916471,0.22701086942734,-0.831514183629255,Spain
2565557,696,-1.1721293019489003,-0.7234357052411708,-0.3207341605262506,-0.2793696531075257,-0.7357699976048722,-0.3864016650854919,-0.5808454313701984,-0.8146958327306326,-1.075324336906704,0.787573788388354,Spain
2565557,712,-0.776519415545932,-1.0337834346808246,-0.551767891756924,-0.5461325118309288,-1.2369109353227006,-0.7111501825036204,-0.2531105807098418,-0.6024158669156718,0.299235063301102,-0.1150563424940563,Spain
2565558,682,-0.0428119585433879,-0.6396677661478313,-0.5896774215104102,0.2308199884415123,0.170016721444206,-0.1485282807283025,-0.2531105807098418,8.074155178040131e-05,1.402479234371269,-0.831514183629255,Spain
2565558,687,0.094633128891198,-1.0599176261942695,-0.1374099898778794,0.8290035188601732,-0.4561419960895078,0.2116871315701733,0.992866536319653,0.3756505197607017,0.0957624286702695,-0.831514183629255,Spain
2565559,676,1.427357108705026,-0.6024918695432284,-0.8289485541963156,2.922393682177841,0.6659281074875156,2.348550432187205,0.4757393095090685,1.1474426988239113,2.2368598974684213,0.3932785855686542,Spain
2565559,696,-1.252064883945862,-0.5480730978088953,-0.0693442073055547,-1.7476123003617967,-1.3230482712052378,-2.1793099213144376,0.0239852872761542,-1.9648396963397736,-1.6252551568037776,-0.831514183629255,Spain
2565560,691,-0.2087009035799206,0.3836175297299981,0.9559817334401854,-0.7970563130062918,-0.0141474496891766,-0.5821324340786137,0.2640166461007427,0.0747070777961174,0.0674021190035765,-0.831514183629255,Spain
2565560,712,-0.1500600857175855,-0.5310581131968922,-0.118175620110145,-0.1159778705395054,-0.3589028693263814,-0.5680103808941804,0.0239852872761542,-0.2868959755736306,-0.1623921249993541,0.787573788388354,Spain
2565561,677,-0.7875830220755238,-0.666455462637262,-0.1645462854172326,-1.4018932958021335,0.1594457531396753,-1.660728426845417,-0.2531105807098418,-0.8351896523097571,-0.9434090098432172,0.3932785855686542,Spain
2565561,695,0.4002620832142264,2.187312400828291,-0.7662081348619088,0.6973378432799374,0.4887688964429538,0.3818192459521126,1.998812294524559,0.4325740897678857,0.6281716285810007,1.8261942678390524,Spain
2565562,679,-0.8961525142933005,-0.8668654074006392,-0.9934382910596056,-0.6215319384803405,-0.1044784062842182,-1.0029138536075768,0.0239852872761542,-0.5848205108773643,1.343053285567003,-0.831514183629255,Spain
2565562,714,0.4652899980631183,0.3741848373617066,0.9229628579755133,0.417459629666199,0.6518610667503909,0.4532008155589293,0.2640166461007427,-0.1011394633754867,-0.0055109930691468,0.3932785855686542,Spain
2565563,683,0.6949782693098943,-0.4184299811923818,1.3413438424055992,-0.3079198830434611,-0.2988944530532446,-0.9693647738768608,1.3939815758782064,0.3932720944741593,-0.4507565163245157,-2.0563069528271645,Spain
2565563,756,-0.9534316838095416,-1.0890059408949364,-0.942406373840535,-0.5187050176322232,-0.5794748553352658,-0.6911465306313923,0.4757393095090685,-0.3594003990746104,1.209859832385877,-0.1150563424940563,Spain
2565564,674,-0.4222606026567937,1.202195144036618,-0.2669408651897376,-0.2767940322158768,-0.4563952698685079,-0.5177434571233941,0.2640166461007427,-0.3362907032162307,-0.3080567230484582,0.3932785855686542,Spain
2565564,675,1.5980038435482145,1.8630258743061583,-0.3991271964251821,1.5740334962864104,1.1654133330268988,1.7986213116995675,1.5099937631302376,1.3138840459621548,1.732591962453634,2.180779879214417,Spain
2565565,680,0.1751611667731658,-0.0261505150292718,-0.3058860882118269,0.0059693182530142,-0.1814079680046041,0.1377640726586538,-0.2531105807098418,0.5707688640439765,1.4290884343004375,0.3932785855686542,Spain
2565565,698,-0.6045816296868223,-0.2232934953231654,-0.106749606808573,1.6588710358284564,-1.4455831505709609,0.5287252954491345,1.3939815758782064,0.1533864151131201,0.8153335548018089,0.787573788388354,Spain
2565566,684,-0.7240943143411106,-0.6864911594581414,-0.2532532032379764,-0.4495684448873237,-0.2138031495660091,-0.5069238785110113,0.2640166461007427,-0.9495983609250476,-0.0168585732327687,0.3932785855686542,Spain
2565566,692,0.6577575010686542,-0.884355473866585,1.416125163290197,0.2976394502145452,-0.1101070544467706,-0.4092721925864052,0.0239852872761542,0.8764034510392475,2.221218104124405,-0.1150563424940563,Spain
2565567,678,-1.2375689171767954,-1.4302502953152356,-1.71876592356776,-0.7364110450568866,-1.1245050958018548,-0.905885579578168,-0.9819604709287516,-1.6421121728882595,-0.2737746239955211,-0.831514183629255,Spain
2565567,701,-0.1380783789428101,0.3187504772472717,-0.0068070929344506,0.4598678141295567,-0.0647181520872951,0.902768316993433,1.5099937631302376,0.4339441127218777,-0.3121906713335994,1.6180713547665633,Spain
2565568,682,-0.0231438818821273,-0.1018147364622608,0.0945162103478493,-0.1490302412917733,-0.1013539557205729,0.0582041866023882,0.992866536319653,0.2815417943958237,0.8406568194946663,0.3932785855686542,Spain
2565568,684,0.0278336154390399,0.2988620581521009,-0.7165731180993242,0.387449181020318,0.8058466892412588,-0.5712998953036674,0.6651316856592968,0.0856546914401981,-0.3296076597436849,-0.831514183629255,Spain
2565569,677,-0.9419965793829852,-0.9233392999747416,-0.2595968044321504,-0.1199828992853028,-0.6259185491415876,-0.2411953826005047,0.6651316856592968,-0.9318728802085204,-0.8402308742745334,-0.831514183629255,Spain
2565569,687,-0.0070708764009706,-0.1594521655424139,-0.4231872492967263,-0.2567948375978947,0.2431400487089397,-0.0932910500148891,0.4757393095090685,-0.2212979555166374,0.1018678493170522,0.3932785855686542,Spain
2565570,674,0.7937230546893767,1.8342103225050732,-0.3764261131389435,1.1912899206343752,0.2170519491179307,1.191310921768089,1.3939815758782064,1.003107864320277,1.1410356032314124,1.1097364267038532,Spain
2565570,679,0.7036793240099463,1.1719603890099524,0.5845934470587069,1.464402454151671,0.1934293922576045,1.180396672766568,0.4757393095090685,0.5161117725576323,-0.2334705578089409,0.787573788388354,Spain
2565571,675,1.655203277926442,2.8272415540261333,-1.04554718732834,1.5052468354753157,2.4574353338473403,1.2735443519540577,1.7217164265385625,2.1432528759790257,0.8523277908805036,0.787573788388354,Spain
2565571,695,-1.257576629159428,-0.9495181417197324,-0.5419083861619801,-0.4743591654301809,-1.534488170468313,-0.8249441483889088,-2.2279375879582464,-1.3146706173426734,-0.4384661100014944,0.3932785855686542,Spain
2565572,698,-2.078883167597881,-1.554258614506291,-1.807462976275816,-1.0805641543978053,-1.9905834247132823,-1.225683980511019,-2.2279375879582464,-1.901995210987161,-0.1826850012381786,-0.831514183629255,Spain
2565572,712,0.3491209491056112,0.2049134729703266,1.186707239927583,0.5639648002239956,0.1938368954654837,0.627943382475438,0.8364579297626372,-0.0043136162137834,-0.4655148437783548,-0.1150563424940563,Spain
2565573,692,1.3191880773243307,-0.3115424339545412,1.642640999422703,-0.1379075020124793,0.8606615786336996,-0.1141529323105985,1.1367485067631329,1.0646092108481662,-0.0308658319719486,1.1097364267038532,Spain
2565573,696,-1.55615056253706,-1.1841086483605316,-0.9164934246464854,-1.3692959215842484,-1.1198956345991762,-1.467653093361425,-1.4990876977393366,-1.3829980584728434,1.101798719146272,-2.0563069528271645,Spain
2565574,678,-0.8690967954046527,-1.116630213941567,0.1114484240047174,-0.8214857422323866,-0.9529054396394612,-0.4865020056203917,0.0239852872761542,-0.3702336538805929,1.9059948197703704,-2.0563069528271645,Spain
2565574,756,0.3406644103755989,-0.3827434012559703,-0.5804366169028397,1.1505744609558288,0.0608593633087447,0.3490522982021775,0.2640166461007427,0.3980518524914035,-0.4072392197210507,0.3932785855686542,Spain
2565575,680,1.2603440383355835,0.6532763236900162,1.3724054986291048,0.0599622355398961,0.2747444429439832,0.1617864805584116,0.6651316856592968,0.571878709979323,-1.065709555981016,1.3821210562811492,Spain
2565575,701,-0.6590217271966339,-0.5178179801243314,-1.528765280521191,-0.6727804150338699,0.4832025736232481,-0.1567934723975264,-2.2279375879582464,-0.5152323227196806,0.7662637294190192,-0.831514183629255,Spain
2565576,683,-0.0861355576307744,1.7316978278641584,-0.6792529768842972,-0.3968402043081263,0.147097571131318,-0.3064483987547234,1.1367485067631329,0.0107845614378855,1.0684020346948333,-0.831514183629255,Spain
2565576,714,0.028789877945581,-0.935889912291064,0.8871245688551549,-0.0010148251296202,0.1692188589936569,-0.0347123422571189,-0.9819604709287516,0.2701546470486717,0.5679740534396692,0.787573788388354,Spain
2565577,676,1.589424855670798,0.5546522283304702,1.907186762381363,0.017644123200283,1.4306207622142095,0.6371316201891203,0.0239852872761542,1.298895994203806,-1.4386812857190867,1.1097364267038532,Spain
2565577,691,-2.101216508894364,-1.521109759815732,-1.6941431562513731,-0.6301362180398186,-1.542309139499547,-0.9683834076665364,0.4757393095090685,-1.4366282127152712,0.5284605026375587,0.787573788388354,Spain
2575959,3158,-0.4013290127771561,-1.0381845365932332,-0.4679827614240823,-0.3220776562171775,-0.6921906028336003,0.1622312954753291,-2.2279375879582464,-0.0668507054189296,0.9482596014430064,-0.831514183629255,Italy
2575959,3172,0.3608789172590765,1.485760700884265,0.2797017555169877,1.1862233848279822,-0.1841911393510009,0.3063453584788133,0.4757393095090685,0.9285073181987314,0.3309645092394821,1.1097364267038532,Italy
2575960,3166,-0.33822768667862,-0.5890286887429418,0.3360667585317479,-0.1206234428155967,-0.6569639156546851,-0.3259568348510952,0.8364579297626372,-0.6393536423202382,-1.6015279766007426,1.8261942678390524,Italy
2575960,3185,0.4236346983622248,-0.112140343271664,-0.5782066181776461,0.7020614310990262,0.4790639798905415,0.1899662409565933,0.2640166461007427,1.3964109389401782,1.6205608954010249,0.3932785855686542,Italy
2575961,3157,1.2415687695860684,0.3235797698094666,-0.8346236276355615,0.9997940610620616,2.2826271066755752,1.2782988984622228,-0.2531105807098418,1.6805696435450623,0.4153873218482215,1.3821210562811492,Italy
2575961,3197,-2.2384671984302837,-1.655672953102952,-0.6066747134183402,-1.269117196409993,-1.9452698283148155,-1.8041985454656877,-2.2279375879582464,-1.7072641044047672,-0.5194969166898551,0.3932785855686542,Italy
2575962,3187,0.8862108293399699,0.6648711217836364,-0.6654006852398218,1.3599323950100377,1.1111184332856798,2.227600558063507,0.8364579297626372,2.0657649536847336,1.5287761474302162,2.012366557586264,Italy
2575962,3194,0.6857329346769135,-0.0672065970275352,2.770542136402031,-0.4620993300976542,-0.3937182010061363,-0.7733664735330449,-0.9819604709287516,0.1191470528526395,-0.993386771001866,0.3932785855686542,Italy
2575963,3161,-0.1105431862004987,-0.1427043847580076,0.8207763011744523,-0.909812580861327,0.5118175762930843,-0.2919546802465758,1.1367485067631329,0.5382611736777135,2.265274278588284,1.3821210562811492,Italy
2575963,3176,1.7311156469369209,0.9685331044305306,0.9681959156343076,1.875781812297508,0.4658515390181942,0.9357468195975432,1.7217164265385625,0.9986501069948835,1.0955283420957551,1.8261942678390524,Italy
2575964,3159,1.4607539566794836,0.6553236019586549,1.72157096576654,0.7836293583948518,0.4686698972002968,0.6629182389162948,1.3939815758782064,1.2374185169746716,1.068722631865759,1.8261942678390524,Italy
2575964,3173,-0.3513977502401697,-0.8844292518369495,0.1870684012297728,-0.8704006215853356,0.5662916528634883,-0.2797316741504229,-0.9819604709287516,0.5599761595176939,0.5421325779653987,-2.0563069528271645,Italy
2575965,3162,0.6622637994158191,3.872898741389871,-0.920274138172948,0.18026491100629,2.3772956046046403,1.4554000098635955,1.1367485067631329,0.7079867865718331,0.9575334433904332,1.6180713547665633,Italy
2575965,3204,-0.1809706220750412,-0.0181637417031214,0.903017968101594,-0.6116556960636493,0.1137321193498467,-0.9441331182616572,0.2640166461007427,-0.0369001742729136,0.5354265595490575,0.787573788388354,Italy
2575966,3164,0.9078458136078608,-0.403505745126428,1.0396581591037646,0.0836847171994211,1.0266589925358771,0.4500712812877345,0.8364579297626372,0.9717152478007034,0.9129958902940966,-0.1150563424940563,Italy
2575966,3219,-0.7197506920224226,0.0175204362920835,0.3113623176339742,0.3476218650150036,-0.7258947443832352,-0.2789826612465875,0.4757393095090685,-0.177553232084436,0.1232717041222343,1.6180713547665633,Italy
2575967,3193,0.00392974002518,0.0996166146381845,-0.1416456295226583,0.7229447124872473,0.2096602373692897,0.2487512515258777,0.2640166461007427,0.0834590519202585,0.1998793269018077,1.3821210562811492,Italy
2575967,3315,-0.5337056465877955,-0.5083277812844895,-0.4899096644386843,-0.7541097528530865,-0.1171187796171162,-0.047459646038192,0.6651316856592968,0.1054327168371695,2.0014360557836097,0.3932785855686542,Italy
2575968,3163,0.0949144392160699,0.1174454838414277,-0.4855406570196372,0.8995490368832636,0.2532239378266219,0.9106105958701451,1.3939815758782064,0.4597780755103181,-0.0586118555240013,1.8261942678390524,Italy
2575968,3165,0.0884427987075401,0.8419695777076907,-0.5812860242201469,1.4290916804223004,0.6524694109598725,0.8813224664385545,0.6651316856592968,1.2491059939058409,0.2332058576062716,1.1097364267038532,Italy
2575969,3166,0.7058948531202445,0.1333964016815971,1.6459645601492314,0.3292393387866512,0.1201095044147122,-0.4869539213910703,0.6651316856592968,0.918593066356258,-0.0349081013339866,0.787573788388354,Italy
2575969,3219,0.0479945185858138,0.8568108977561998,0.0919942824645525,-0.5258845519503985,0.5784476460715487,-0.3110012239447555,1.2699624043056494,0.3560718980985423,0.5364194735240916,0.3932785855686542,Italy
2575970,3162,0.7952498504733561,0.9482580269052474,0.4472848535863001,0.7620297198012487,1.0836018437169173,0.8210247826760944,1.1367485067631329,1.4016615096496363,2.129963449931341,1.3821210562811492,Italy
2575970,3165,-0.0443078223539565,0.3521232550857329,0.7724765771325068,-0.2197518164842302,0.3098399180701929,0.1755845964067937,1.618970461918544,0.1845644081021829,1.5980604670125431,1.3821210562811492,Italy
2575971,3194,0.484181441217153,-1.0934363602004116,0.5787237638966142,-0.2262536902009781,0.5098774815424177,0.0042246730215098,-0.2531105807098418,1.0662351313747822,-1.6452744152734309,-2.0563069528271645,Italy
2575971,3197,-1.21375059505978,-0.0542830832831222,-1.2753152989446583,-0.2489167785775577,-1.0587586047574644,-0.5645337277701188,-0.2531105807098418,-0.9716049320231888,-0.7278267550576255,0.787573788388354,Italy
2575972,3164,-0.8700139652649033,-0.8991097573662882,0.0785343586879466,0.2934715073783674,-1.3086082248036297,0.3685398753459887,-0.2531105807098418,-0.2686337410140072,0.4895063982560461,0.3932785855686542,Italy
2575972,3176,0.367518586689104,0.8350151591649201,1.269639333054481,-0.2270209182925676,-0.2042702610341717,0.0866466422704825,1.3939815758782064,1.250177302265174,0.7464768508583339,1.8261942678390524,Italy
2575973,3159,0.9579837210397102,0.0076703918190144,1.621768914412094,-0.7524016418800002,0.6865482337035506,0.1516514444064898,-0.5808454313701984,0.5293834674743763,0.6204591300451711,0.787573788388354,Italy
2575973,3193,0.091393370974806,0.3605911343177647,-0.3350524078347049,0.5875760724672247,0.1004716394892089,-0.274745048182107,1.618970461918544,-0.2209982089406389,0.1015678353204886,-0.831514183629255,Italy
2575974,3157,-0.1977696977082715,1.5377779469137034,-0.4214054743478742,-1.2052126563617438,0.7549238471990256,-0.3170700276008332,0.4757393095090685,-0.3963910011682394,-0.4097921309423981,0.3932785855686542,Italy
2575974,3173,0.4435555411479233,-0.5774567121004276,0.812048386276897,0.564964913576024,0.0669202783425792,-0.2262340221887374,0.8364579297626372,0.7704253599563831,-0.271991107306344,0.787573788388354,Italy
2575975,3172,0.0055503360922316,-0.6278573788974231,0.3477967872880168,-0.9460301628129728,0.6566021335817613,-0.7892543063081386,-1.4990876977393366,0.6343689763393725,0.6109392146698709,0.3932785855686542,Italy
2575975,3187,1.382350864466089,2.754773002863165,0.7710100221282239,1.4011154495465603,0.5105754634656128,2.001622955260371,0.2640166461007427,1.8018975872599177,1.6675153432049317,-0.1150563424940563,Italy
2575976,3158,0.7689169207927826,0.8601248722559036,1.9260241778050944,0.9638516396746036,0.5585480828077913,0.7713373277094956,1.1367485067631329,0.7619939193257106,-0.5660639124831623,1.3821210562811492,Italy
2575976,3161,1.005431994100182,0.675455124384534,-0.2498282739907702,0.9853950930344187,-0.0617136643236099,0.5670013531512349,1.1367485067631329,1.0338146359177982,3.296978063574592,1.3821210562811492,Italy
2575977,3163,0.3194999683717421,1.361649781035781,-1.4922712997803125,0.656805713979646,0.747153838982146,-0.0982997849202671,1.8189057715629675,0.4186040887277029,0.6292351754475658,1.1097364267038532,Italy
2575977,3204,0.65708773064407,2.016728615573186,1.279697506764924,-0.2039812493762125,0.0296844892474713,-0.7869967685164626,-0.2531105807098418,-0.2547561612252287,-1.280113744358807,-0.1150563424940563,Italy
2575978,3185,-0.4606467761475394,-0.0564692318297395,-0.6074136926084494,0.5673557921221015,-0.5778045984160107,0.7462147170903819,0.6651316856592968,0.0588675090449899,0.2255995936755917,0.3932785855686542,Italy
2575978,3315,-0.7537225293415825,-0.2001921851394802,-1.1250086999596172,0.2615725930554631,-0.6466336770249629,-1.0541228015433102,0.6651316856592968,-0.6156603034517961,-1.1223912040550912,0.3932785855686542,Italy
2575979,3172,-0.4175298170969814,0.5215004698224134,0.157856347760916,-0.1168854183184869,-0.7315402339976084,0.1320347005816973,0.4757393095090685,0.0069060065532438,0.5371269413771457,-2.0563069528271645,Italy
2575979,3315,-0.0277595460600074,-0.3406182131710779,0.6055550959308185,0.3610185273306819,-0.7200991439699785,0.0596336981728114,0.8364579297626372,0.2593465673418013,-0.3995429767365309,0.3932785855686542,Italy
2575980,3185,1.2423633294895409,1.8049116220460215,-0.7539141698005213,0.912169306450004,1.4197476999617544,1.1499788513812923,0.8364579297626372,1.0593847343401253,0.8476518257832134,1.1097364267038532,Italy
2575980,3219,-0.5234229598805636,-0.5076994329825028,0.0563957504168733,-0.1526765458790699,-1.554535165195754,-0.964884395086558,-0.5808454313701984,-0.7212595809922908,0.0193908062427307,1.1097364267038532,Italy
2575981,3166,-0.1829032802005226,-0.87640840117064,1.7338539536678057,-0.8658785864610724,-1.000833683922184,-1.3135690545198386,-1.4990876977393366,-0.2321075888830215,0.0071657398559908,-0.1150563424940563,Italy
2575981,3187,1.5238657740138215,0.7390644646025432,-0.3750013472816388,0.536748305379505,1.803185125419629,1.1114735717984767,0.2640166461007427,2.238320425473865,2.201134159339856,0.787573788388354,Italy
2575982,3173,-0.3154311646392822,-0.8515936894855423,-0.1780854811780551,-0.6782997733242339,0.4793999338961277,0.8901299692312629,-0.2531105807098418,0.7858141007381204,1.2011562379360463,0.3932785855686542,Italy
2575982,3197,-0.8766079649922615,0.2624775754042986,-0.741145860556007,0.3360686923182104,-0.6714762698952358,0.0619349974787875,0.0239852872761542,-0.3094886368934497,0.6206236436429778,0.3932785855686542,Italy
2575983,3176,1.2866675078001373,1.073066557503563,0.4887503299229777,0.2880656614304999,1.430307136492203,0.2158252770165169,0.2640166461007427,0.9224944428429016,-1.191798843241302,1.8261942678390524,Italy
2575983,3194,-0.6310416026316041,-0.9257674129218306,0.1932322828392665,-0.5137702500160832,-0.3877149861474766,-0.7577441497877374,0.4757393095090685,-0.5325032190707292,0.9460329680915248,0.787573788388354,Italy
2575984,3161,1.0019109953709882,1.325370792013989,-0.7256749427338407,2.048092117691685,1.080878014843809,1.9496077545215056,1.7217164265385625,1.2864623519347729,1.3624500220134463,1.6180713547665633,Italy
2575984,3204,-0.4997017253354896,0.0316727482767975,1.210620782215827,-0.1969301777081928,0.0190787575630118,-0.8390210282961017,0.4757393095090685,0.5995973134489544,0.2274959062654355,0.787573788388354,Italy
2575985,3159,1.149091908563971,-0.3014262315281078,0.8924069688032463,-0.5399232632831336,0.9249228262653632,0.0158563603860628,0.2640166461007427,-0.2692260937585026,0.5184304896615992,1.1097364267038532,Italy
2575985,3165,-0.4039489547423153,-0.5382164307659242,-0.6715643953774992,0.0402890429532013,0.4190693391428117,-0.2970488223331179,0.2640166461007427,0.3401556040602911,0.8818242368684951,1.1097364267038532,Italy
2575986,3157,1.784019128703713,1.4469029543399938,-1.1189721668996258,3.118972408070939,1.652111184960966,2.302278572661625,0.992866536319653,2.148708861297974,2.163790571493451,0.3932785855686542,Italy
2575986,3162,0.7271798361494166,1.0881043738564065,1.5553092662345804,-0.2519163356777512,-0.782306168954793,-0.3924380367530062,0.0239852872761542,-0.2342969480463299,-0.8473035290992457,1.1097364267038532,Italy
2575988,3163,-0.6434251861908684,-1.0686705592229842,-0.2767370341707558,-0.6426032400960908,-0.9823759734796604,-0.7631647705994694,0.0239852872761542,-0.8316456562790188,-0.4421784213566994,-0.831514183629255,Italy
2575988,3193,0.923727784141814,1.10783821005283,1.4129351027159114,1.2399873099394036,0.442211211332315,0.7115826809549053,0.992866536319653,1.1143434859693886,0.3447774876639147,0.3932785855686542,Italy
2575990,3161,0.6160082794309062,1.36195423805217,0.3249314024403294,-0.1739915044983692,0.7396370498458529,-0.2759779269557372,0.6651316856592968,0.919166554526488,0.217149844636358,-0.1150563424940563,Italy
2575990,3197,-1.738212298028804,-1.184770446524773,-0.912612196200275,-0.7521325332993896,-0.8706620385694359,-0.7780432498995905,-0.9819604709287516,-1.1721675517825436,-0.416106587793056,-0.1150563424940563,Italy
